Nucleotide,Arule,Trule,Grule,Crule,ATrule,Protein_induced_form,Stabilizing_energy_ZDNA,Bending_Stiffness,Duplex_Stability_Free_Energy,DNA_denaturation,Propeller_Twist,Stacking_Energy
AA,2.00,0.00,0.00,0.00,2.00,2.90,3.90,35.00,-1.20,66.51,-18.66,-5.37
AC,1.00,0.00,0.00,1.00,1.00,2.30,4.60,60.00,-1.50,108.80,-13.10,-10.51
AG,1.00,0.00,1.00,0.00,1.00,2.10,3.40,60.00,-1.50,85.12,-14.00,-6.78
AT,1.00,1.00,0.00,0.00,2.00,1.60,5.90,20.00,-0.90,72.29,-15.01,-6.57
CA,1.00,0.00,0.00,1.00,1.00,9.80,1.30,60.00,-1.70,64.92,-9.45,-6.57
CC,0.00,0.00,0.00,2.00,0.00,6.10,2.40,130.00,-2.30,99.31,-8.11,-8.26
CG,0.00,0.00,1.00,1.00,0.00,12.10,0.70,85.00,-2.80,88.84,-10.03,-9.69
CT,0.00,1.00,0.00,1.00,1.00,2.10,3.40,60.00,-1.50,85.12,-14.00,-6.78
GA,1.00,0.00,1.00,0.00,1.00,4.50,3.40,60.00,-1.50,80.03,-13.48,-9.81
GC,0.00,0.00,1.00,1.00,0.00,4.00,4.00,85.00,-2.30,135.83,-11.08,-14.59
GG,0.00,0.00,2.00,0.00,0.00,6.10,2.40,130.00,-2.30,99.31,-8.11,-8.26
GT,0.00,1.00,1.00,0.00,1.00,2.30,4.60,60.00,-1.50,108.80,-13.10,-10.51
TA,1.00,1.00,0.00,0.00,2.00,6.30,2.50,20.00,-0.90,50.11,-11.85,-3.82
TC,0.00,1.00,0.00,1.00,1.00,4.50,3.40,60.00,-1.50,80.03,-13.48,-9.81
TG,0.00,1.00,1.00,0.00,1.00,9.80,1.30,60.00,-1.70,64.92,-9.45,-6.57
TT,0.00,2.00,0.00,0.00,2.00,2.90,3.90,35.00,-1.20,66.51,-18.66,-5.37
A-,1.00,0.00,0.00,0.00,1.00,0.00,0.00,0.00,0.00,0.00,-9.33,0.00
T-,0.00,1.00,0.00,0.00,1.00,0.00,0.00,0.00,0.00,0.00,-9.33,0.00
G-,0.00,0.00,1.00,0.00,0.00,0.00,0.00,0.00,0.00,0.00,-4.05,0.00
C-,0.00,0.00,0.00,1.00,0.00,0.00,0.00,0.00,0.00,0.00,-4.05,0.00
-A,1.00,0.00,0.00,0.00,1.00,0.00,0.00,0.00,0.00,0.00,-9.33,0.00
-T,0.00,1.00,0.00,0.00,1.00,0.00,0.00,0.00,0.00,0.00,-9.33,0.00
-G,0.00,0.00,1.00,0.00,0.00,0.00,0.00,0.00,0.00,0.00,-4.05,0.00
-C,0.00,0.00,0.00,1.00,0.00,0.00,0.00,0.00,0.00,0.00,-4.05,0.00
--,0.00,0.00,0.00,0.00,0.00,0.00,0.00,0.00,0.00,0.00,0.00,0.00